{"farmName":"farm3","no":1,"id":"7089197279"}
{"farmName":"farm3","no":2,"id":"4092707050"}
{"farmName":"farm3","no":3,"id":"8951623305"}
{"farmName":"farm3","no":4,"id":"6881293732"}
{"farmName":"farm3","no":5,"id":"3529080640"}
{"farmName":"farm3","no":6,"id":"8143647614"}
{"farmName":"farm3","no":7,"id":"7164202481"}
{"farmName":"farm3","no":8,"id":"7962756718"}
{"farmName":"farm3","no":9,"id":"2587206054"}
{"farmName":"farm3","no":10,"id":"4576681257"}
{"farmName":"farm3","no":11,"id":"1690277601"}
{"farmName":"farm3","no":12,"id":"1385196851"}
{"farmName":"farm3","no":13,"id":"6377968020"}
{"farmName":"farm3","no":14,"id":"8844975675"}
{"farmName":"farm3","no":15,"id":"3287149696"}
{"farmName":"farm3","no":16,"id":"4334302042"}
